<?xml version="1.0" encoding="UTF-8"?>
<project-private xmlns="http://www.netbeans.org/ns/project-private/1">
    <editor-bookmarks xmlns="http://www.netbeans.org/ns/editor-bookmarks/2" lastBookmarkId="0"/>
    <open-files xmlns="http://www.netbeans.org/ns/projectui-open-files/2">
        <group>
            <file>file:/C:/Users/samue/Downloads/Proyecto-EDD-1-24251-GrupoDavidAndreaJohnniel/Proyecto-EDD-1-24251-GrupoDavidAndreaJohnniel/src/Interfaces/Inicio.java</file>
            <file>file:/C:/Users/samue/Downloads/Proyecto-EDD-1-24251-GrupoDavidAndreaJohnniel/Proyecto-EDD-1-24251-GrupoDavidAndreaJohnniel/src/Funciones/CargarArchivo.java</file>
            <file>file:/C:/Users/samue/Downloads/Proyecto-EDD-1-24251-GrupoDavidAndreaJohnniel/Proyecto-EDD-1-24251-GrupoDavidAndreaJohnniel/src/Interfaces/EstablecerT.java</file>
            <file>file:/C:/Users/samue/Downloads/Proyecto-EDD-1-24251-GrupoDavidAndreaJohnniel/Proyecto-EDD-1-24251-GrupoDavidAndreaJohnniel/src/proyecto/edd/pkg1/pkg24251/grupodavid/Main.java</file>
        </group>
    </open-files>
</project-private>
